,x,y
0,"[[250 251 251 ... 254 254 254]
 [249 250 250 ... 254 254 254]
 [250 250 251 ... 254 254 254]
 ...
 [175   5   3 ...  76  73  72]
 [163   3   3 ...  61  97  42]
 [148   3   3 ...  74  67  77]]","[[-7.520e+02 -3.000e+00 -1.000e+00 ...  0.000e+00  0.000e+00  7.620e+02]
 [-1.001e+03 -4.000e+00 -2.000e+00 ...  0.000e+00  0.000e+00  1.016e+03]
 [-1.000e+03 -4.000e+00 -1.000e+00 ...  0.000e+00  0.000e+00  1.016e+03]
 ...
 [-1.700e+01  6.440e+02  4.000e+00 ...  4.000e+01  6.300e+01  2.860e+02]
 [-1.400e+01  6.370e+02  0.000e+00 ...  1.500e+01  3.900e+01  3.340e+02]
 [-9.000e+00  4.500e+02 -1.000e+00 ...  7.700e+01  1.300e+01  2.310e+02]]"
1,"[[ 82 116 117 ... 117 115  82]
 [168 249 251 ... 251 249 168]
 [167 247 252 ... 251 247 168]
 ...
 [168 249 254 ... 254 250 168]
 [167 250 252 ... 252 250 167]
 [ 82 115 116 ... 117 115  83]]","[[-481. -153.   -5. ...    7.  153.  479.]
 [-861. -286.  -13. ...   14.  284.  860.]
 [-992. -338.  -20. ...   21.  335.  992.]
 ...
 [-999. -343.  -15. ...   15.  344. 1000.]
 [-864. -290.  -10. ...   10.  290.  865.]
 [-480. -153.   -4. ...    6.  153.  480.]]"
2,"[[ 72  70  68 ...  50  51  53]
 [ 71  69  67 ...  51  53  54]
 [ 68  67  67 ...  50  51  51]
 ...
 [110 129 130 ... 115 116 114]
 [113 111 115 ... 104 108 107]
 [118 108 111 ... 101  93 101]]","[[-209.   12.   20. ...   -3.   -9.  155.]
 [-275.   13.   22. ...   -6.  -10.  208.]
 [-270.    4.   14. ...   -2.   -5.  206.]
 ...
 [-501.  -38.   31. ...  -20.    3.  452.]
 [-459.  -17.   -4. ...  -28.   -5.  425.]
 [-327.   12.  -24. ...  -18.   -3.  294.]]"
3,"[[ 23  13  23 ...  18  18  17]
 [ 22  11  19 ...  18  20  20]
 [ 20   7  11 ...  18  17  17]
 ...
 [176 175 178 ... 158 154 153]
 [175 177 178 ... 163 158 156]
 [178 177 179 ... 159 157 154]]","[[ -37.    3.  -60. ...  -12.    0.   56.]
 [ -42.   15.  -79. ...  -12.   -2.   75.]
 [ -33.   29.  -78. ...   -6.    2.   73.]
 ...
 [-702.  -10.  -12. ...    9.   22.  622.]
 [-706.   -9.   -9. ...   10.   24.  627.]
 [-531.   -5.   -7. ...    1.   17.  472.]]"
4,"[[ 90  86  66 ...  81  86  88]
 [ 98  85  87 ...  94 103  93]
 [ 95  74  94 ...  94 102  94]
 ...
 [183 177 172 ... 163 151 150]
 [179 173 182 ... 164 152 158]
 [172 166 186 ... 160 179 158]]","[[-257.   59.   16. ...  -10.  -13.  275.]
 [-330.   47.  -21. ...  -23.   -5.  394.]
 [-332.   48.  -51. ...   -4.    2.  403.]
 ...
 [-686.   24.  -34. ...   26.   46.  611.]
 [-689.   -9.  -60. ...   45.   27.  634.]
 [-505.  -31.  -60. ...   15.   10.  510.]]"
5,"[[127 124 118 ...  64  65  64]
 [126 119 113 ...  60  60  52]
 [118 111 100 ...  60  51  51]
 ...
 [139 134 136 ... 149 133 135]
 [141 133 128 ... 155 134 138]
 [126 135 121 ... 126 127 135]]","[[-367.   31.   44. ...  -10.    8.  190.]
 [-473.   53.   70. ...   -2.   25.  236.]
 [-435.   61.   76. ...   25.   31.  218.]
 ...
 [-522.   26.   -9. ...   30.   52.  530.]
 [-535.   34.  -27. ...   35.   39.  528.]
 [-403.   23.  -41. ...   18.   -1.  388.]]"
6,"[[ 82 168 167 ... 168 168  81]
 [115 249 247 ... 250 251 116]
 [117 251 251 ... 254 252 115]
 ...
 [116 251 252 ... 254 252 116]
 [115 249 247 ... 250 250 115]
 [ 82 168 170 ... 168 167  82]]","[[-5.850e+02 -3.020e+02  2.000e+00 ...  0.000e+00  3.080e+02  5.870e+02]
 [-9.170e+02 -4.830e+02 -2.000e+00 ...  3.000e+00  4.940e+02  9.220e+02]
 [-1.004e+03 -5.350e+02 -7.000e+00 ...  8.000e+00  5.490e+02  1.007e+03]
 ...
 [-1.003e+03 -5.390e+02 -6.000e+00 ...  9.000e+00  5.490e+02  1.006e+03]
 [-9.170e+02 -4.880e+02 -1.000e+00 ...  4.000e+00  4.940e+02  9.190e+02]
 [-5.850e+02 -3.080e+02  2.000e+00 ...  2.000e+00  3.070e+02  5.840e+02]]"
7,"[[213 212 212 ... 134 134 135]
 [214 214 214 ... 135 136 136]
 [217 216 216 ... 139 139 139]
 ...
 [174 174 174 ... 183 183 183]
 [175 176 176 ... 183 182 181]
 [175 176 176 ... 183 181 180]]","[[-638.    2.    0. ...   -2.   -3.  404.]
 [-856.    2.    0. ...   -1.   -3.  545.]
 [-865.    3.    0. ...    2.    0.  555.]
 ...
 [-697.   -1.    0. ...    2.    2.  730.]
 [-702.   -3.    0. ...    7.    7.  728.]
 [-528.   -3.    0. ...    8.    8.  544.]]"
8,"[[ 82 116 117 ... 117 115  82]
 [168 249 251 ... 251 249 168]
 [167 247 252 ... 251 247 168]
 ...
 [168 249 254 ... 254 250 168]
 [167 250 252 ... 252 250 167]
 [ 82 115 116 ... 117 115  83]]","[[-481. -153.   -5. ...    7.  153.  479.]
 [-861. -286.  -13. ...   14.  284.  860.]
 [-992. -338.  -20. ...   21.  335.  992.]
 ...
 [-999. -343.  -15. ...   15.  344. 1000.]
 [-864. -290.  -10. ...   10.  290.  865.]
 [-480. -153.   -4. ...    6.  153.  480.]]"
9,"[[ 69  69  68 ...  65  66  66]
 [ 67  67  66 ...  67  66  66]
 [ 63  63  63 ...  67  66  66]
 ...
 [ 59  59  59 ...  71  74  76]
 [151 149 145 ...  71  69  68]
 [108 105 100 ...  71  69  68]]","[[-205.    3.    6. ...   -2.   -1.  198.]
 [-266.    3.    7. ...   -1.    2.  264.]
 [-253.    2.    6. ...   -1.    2.  265.]
 ...
 [-342.    5.    2. ... -113.  -30.  397.]
 [-462.   20.   15. ...    8.    4.  281.]
 [-359.   22.   17. ...   18.    9.  207.]]"
10,"[[ 82 116 117 ... 117 115  82]
 [168 249 251 ... 251 249 168]
 [167 247 252 ... 251 247 168]
 ...
 [168 249 254 ... 254 250 168]
 [167 250 252 ... 252 250 167]
 [ 82 115 116 ... 117 115  83]]","[[-481. -153.   -5. ...    7.  153.  479.]
 [-861. -286.  -13. ...   13.  284.  860.]
 [-992. -338.  -20. ...   19.  335.  992.]
 ...
 [-999. -343.  -15. ...   15.  344. 1000.]
 [-864. -290.  -10. ...   10.  290.  865.]
 [-480. -153.   -4. ...    6.  153.  480.]]"
11,"[[130 127 130 ... 137 137 138]
 [128 127 128 ... 137 138 138]
 [126 129 129 ... 140 140 139]
 ...
 [132 129 127 ... 143 139 144]
 [132 132 134 ... 153 152 150]
 [132 136 127 ... 137 141 145]]","[[-381.    0.   -8. ...   19.   -3.  412.]
 [-510.   -3.   -3. ...   19.   -2.  553.]
 [-515.   -7.    0. ...    8.    1.  561.]
 ...
 [-517.   19.  -13. ...   27.   -2.  569.]
 [-529.    6.    0. ...    3.   -3.  584.]
 [-404.    8.   16. ...   -1.  -13.  434.]]"
12,"[[254 254 254 ... 254 254 255]
 [254 254 254 ... 253 254 255]
 [254 254 254 ... 253 254 255]
 ...
 [209 201 208 ... 217 215 217]
 [212 202 207 ... 215 216 214]
 [220 210 217 ... 220 222 224]]","[[ -762.     0.     0. ...     0.    -4.   762.]
 [-1016.     0.     0. ...     0.    -7.  1016.]
 [-1016.     0.     0. ...     0.    -8.  1016.]
 ...
 [ -804.    29.   -14. ...   -12.    -4.   860.]
 [ -815.    14.   -15. ...   -20.    -2.   869.]
 [ -622.    11.   -14. ...   -17.    -7.   660.]]"
13,"[[  3   4   5 ...  13  10   9]
 [  0   1   1 ...  14  13  12]
 [  0   1   1 ...  15  12  11]
 ...
 [122 146 148 ... 117 122 152]
 [175 186 192 ... 127 126 137]
 [137 151 155 ... 103 118 100]]","[[  -9.   -5.   -5. ...   14.   10.   33.]
 [  -7.   -5.   -5. ...   15.   12.   48.]
 [  -4.   -3.   -4. ...   13.   10.   53.]
 ...
 [-588.  -68.    3. ...   -5.  -82.  499.]
 [-669.  -78.   27. ...  -24.  -52.  492.]
 [-488.  -53.    2. ...  -39.   -4.  362.]]"
14,"[[ 66  69  67 ...  65  64  62]
 [ 65  66  68 ...  64  64  62]
 [ 68  68  67 ...  64  62  62]
 ...
 [119 113 120 ... 127 117 111]
 [126 126 126 ... 120 114 113]
 [128 129 136 ... 125 126 114]]","[[-204.   -5.    3. ...    2.    8.  192.]
 [-269.   -6.   -1. ...    4.    9.  254.]
 [-270.   -4.   -3. ...    9.   10.  252.]
 ...
 [-483.    1.    0. ...   31.   64.  466.]
 [-494.   -9.   -1. ...   33.   41.  471.]
 [-384.  -16.   12. ...    3.   29.  366.]]"
15,"[[ 82 168 167 ... 168 168  81]
 [115 249 247 ... 250 251 116]
 [117 251 251 ... 254 252 115]
 ...
 [116 251 252 ... 254 252 116]
 [115 249 247 ... 250 250 115]
 [ 82 168 170 ... 168 167  82]]","[[-5.850e+02 -3.020e+02  2.000e+00 ...  0.000e+00  3.080e+02  5.870e+02]
 [-9.170e+02 -4.830e+02 -2.000e+00 ...  3.000e+00  4.940e+02  9.220e+02]
 [-1.004e+03 -5.350e+02 -7.000e+00 ...  8.000e+00  5.490e+02  1.007e+03]
 ...
 [-1.003e+03 -5.390e+02 -6.000e+00 ...  9.000e+00  5.490e+02  1.006e+03]
 [-9.170e+02 -4.880e+02 -1.000e+00 ...  4.000e+00  4.940e+02  9.190e+02]
 [-5.850e+02 -3.080e+02  2.000e+00 ...  2.000e+00  3.070e+02  5.840e+02]]"
16,"[[135 135 135 ... 147 144 142]
 [142 141 140 ... 153 151 148]
 [147 146 146 ... 156 154 152]
 ...
 [110 109 108 ... 107 106 104]
 [110 108 108 ... 106 105 103]
 [109 110 110 ... 105 105 103]]","[[-411.    2.    4. ...   14.   15.  439.]
 [-563.    5.    6. ...   17.   19.  600.]
 [-584.    5.    7. ...   17.   19.  617.]
 ...
 [-432.   10.   12. ...   13.   10.  423.]
 [-435.    5.    4. ...   12.   11.  421.]
 [-328.    0.   -1. ...    6.    7.  315.]]"
17,"[[ 82 116 117 ... 117 115  82]
 [168 249 251 ... 251 249 168]
 [167 247 252 ... 251 247 168]
 ...
 [168 249 254 ... 254 250 168]
 [167 250 252 ... 252 250 167]
 [ 82 115 116 ... 117 115  83]]","[[-481. -153.   -5. ...    7.  153.  479.]
 [-861. -286.  -13. ...   13.  284.  860.]
 [-992. -338.  -20. ...   19.  335.  992.]
 ...
 [-999. -343.  -15. ...   15.  344. 1000.]
 [-864. -290.  -10. ...   10.  290.  865.]
 [-480. -153.   -4. ...    6.  153.  480.]]"
18,"[[44 54 58 ... 51 36 32]
 [46 63 65 ... 55 37 32]
 [50 54 62 ... 49 63 35]
 ...
 [74 76 58 ... 63 72 64]
 [80 91 80 ... 62 67 77]
 [63 63 74 ... 54 87 79]]","[[-171.  -47.  -48. ...   12.   61.  109.]
 [-234.  -64.  -53. ...   27.   79.  173.]
 [-229.  -56.  -29. ...   27.   45.  247.]
 ...
 [-306.   31.   69. ...    1.  -19.  291.]
 [-321.    5.   81. ...   -1.  -56.  293.]
 [-217.  -22.   21. ...   -6.  -65.  241.]]"
19,"[[101 103 102 ... 190 190 189]
 [101 101 102 ... 191 190 189]
 [101 102 103 ... 190 191 190]
 ...
 [101 105 120 ...  87  99  91]
 [107 106 112 ... 116  99  90]
 [104 106 101 ... 105 103 106]]","[[-307.   -3.   -7. ...    2.    4.  570.]
 [-407.   -5.   -9. ...    1.    5.  761.]
 [-408.   -6.   -5. ...   -1.    3.  763.]
 ...
 [-426.  -60.   -6. ...   33.   35.  374.]
 [-423.  -26.    5. ...   45.   47.  400.]
 [-318.    1.    8. ...   27.   24.  305.]]"
20,"[[ 1  0  0 ...  3  2  2]
 [ 0  0  0 ... 11  9  8]
 [ 1  1  2 ... 22 20 19]
 ...
 [ 4  5  7 ...  0  0  0]
 [ 2  2  3 ...  0  0  0]
 [ 2  2  2 ...  0  0  0]]","[[  0.   2.  -2. ...  11.   5.  13.]
 [ -1.   0.  -2. ...  17.  10.  40.]
 [ -5.  -4.  -5. ...  18.  14.  81.]
 ...
 [-20. -10. -10. ...   0.   0.   0.]
 [-11.  -5.  -5. ...   0.   0.   0.]
 [ -6.  -1.  -3. ...   0.   0.   0.]]"
21,"[[251 250 249 ... 255 255 255]
 [251 251 250 ... 255 255 255]
 [252 250 250 ... 255 255 255]
 ...
 [120 143 185 ... 174 166 102]
 [175 177 148 ... 178 150 140]
 [179 178 179 ... 144 170 177]]","[[-7.510e+02  5.000e+00  1.000e+00 ...  0.000e+00  0.000e+00  7.650e+02]
 [-1.002e+03  6.000e+00  1.000e+00 ...  0.000e+00  0.000e+00  1.020e+03]
 [-1.002e+03  5.000e+00 -1.000e+00 ...  0.000e+00  0.000e+00  1.020e+03]
 ...
 [-6.110e+02 -1.010e+02 -8.800e+01 ...  9.600e+01  1.720e+02  5.950e+02]
 [-6.750e+02 -1.100e+01  3.900e+01 ...  1.100e+01  1.150e+02  6.360e+02]
 [-5.330e+02  2.700e+01  1.090e+02 ... -8.100e+01 -2.800e+01  4.900e+02]]"
22,"[[ 82 116 117 ... 117 115  82]
 [168 249 251 ... 251 249 168]
 [167 247 252 ... 251 247 168]
 ...
 [168 249 254 ... 254 250 168]
 [167 250 252 ... 252 250 167]
 [ 82 115 116 ... 117 115  83]]","[[-481. -153.   -5. ...    7.  153.  479.]
 [-861. -286.  -13. ...   13.  284.  860.]
 [-992. -338.  -20. ...   19.  335.  992.]
 ...
 [-999. -343.  -15. ...   15.  344. 1000.]
 [-864. -290.  -10. ...   10.  290.  865.]
 [-480. -153.   -4. ...    6.  153.  480.]]"
23,"[[ 77  75  73 ...  69  69  69]
 [ 77  77  77 ...  70  69  68]
 [ 75  77  77 ...  68  69  71]
 ...
 [ 89  96  93 ...  88  88  80]
 [ 85  93 100 ...  93  78  90]
 [103  83  91 ...  99  90  99]]","[[-227.    8.   -2. ...    4.    2.  207.]
 [-306.    2.    5. ...    5.    1.  276.]
 [-306.   -1.   12. ...    1.   -4.  276.]
 ...
 [-379.  -35.   -6. ...   28.    6.  343.]
 [-365.  -22.  -15. ...   37.   14.  334.]
 [-259.    9.  -26. ...   23.    3.  258.]]"
24,"[[ 60  65  67 ...  70  68  75]
 [ 65  72  74 ...  60  65  68]
 [ 82  92  84 ...  59  66  63]
 ...
 [151 146 140 ... 119 117 115]
 [146 138 131 ... 118 115 114]
 [138 131 125 ... 116 111 112]]","[[-202.  -23.  -16. ...  -12.  -18.  201.]
 [-301.  -27.    4. ...  -13.  -25.  264.]
 [-364.   -2.   50. ...  -16.  -16.  262.]
 ...
 [-583.   44.   39. ...    4.   14.  466.]
 [-553.   54.   35. ...    9.   16.  458.]
 [-400.   41.   23. ...   10.   12.  337.]]"
25,"[[ 82 116 117 ... 117 115  82]
 [168 249 251 ... 251 249 168]
 [167 247 252 ... 251 247 168]
 ...
 [168 249 254 ... 254 250 168]
 [167 250 252 ... 252 250 167]
 [ 82 115 116 ... 117 115  83]]","[[-481. -153.   -5. ...    7.  153.  479.]
 [-861. -286.  -13. ...   13.  284.  860.]
 [-992. -338.  -20. ...   19.  335.  992.]
 ...
 [-999. -343.  -15. ...   15.  344. 1000.]
 [-864. -290.  -10. ...   10.  290.  865.]
 [-480. -153.   -4. ...    6.  153.  480.]]"
26,"[[ 99 100 102 ... 101 100 102]
 [101  98  99 ... 102 101 102]
 [100 100 101 ... 102 101 101]
 ...
 [122 118 118 ... 151 143 138]
 [117 113 113 ... 140 140 142]
 [116 116 113 ... 143 146 140]]","[[-298.   -4.   -6. ...    0.   -2.  301.]
 [-396.    0.  -12. ...   -2.    0.  403.]
 [-396.   -1.  -13. ...   -8.    1.  406.]
 ...
 [-452.   10.  -25. ...   18.   12.  566.]
 [-460.   15.  -18. ...   21.   12.  569.]
 [-345.   10.   -9. ...    8.    4.  432.]]"
27,"[[ 76  74  71 ...  63  60  57]
 [ 76  75  73 ...  79  77  76]
 [ 78  79  79 ...  87  82  80]
 ...
 [ 59  60  60 ... 125 129 132]
 [ 59  59  58 ... 124 129 133]
 [ 60  60  59 ... 125 130 133]]","[[-223.   13.   11. ...   13.   15.  197.]
 [-303.   10.    7. ...   19.   19.  296.]
 [-317.    0.   -2. ...   22.   20.  332.]
 ...
 [-238.   -2.    2. ...  -37.  -29.  518.]
 [-238.    2.    4. ...  -43.  -33.  517.]
 [-179.    3.    3. ...  -35.  -25.  389.]]"
28,"[[ 42  42  30 ... 168 121  67]
 [ 33  36  33 ... 143  68  54]
 [ 37  37  42 ... 153  69  74]
 ...
 [ 86  94  83 ...  58  57  66]
 [106  98 100 ...  68  59  78]
 [ 95 106  97 ...  70  70  94]]","[[-120.   24.   21. ...  144.  291.  310.]
 [-151.    7.   26. ...  256.  358.  326.]
 [-149.  -14.   31. ...  245.  254.  312.]
 ...
 [-344.   25.  -65. ...  105.  -49.  245.]
 [-396.   13.   34. ...   71.  -52.  245.]
 [-310.    2.   60. ...   20.  -58.  199.]]"
29,"[[ 35  35  34 ...  59  57  56]
 [ 34  34  33 ...  54  51  50]
 [ 33  32  31 ...  48  44  43]
 ...
 [117 116 115 ... 150 150 150]
 [117 116 114 ... 151 151 151]
 [117 115 113 ... 151 151 151]]","[[-104.    3.    9. ...   27.   10.  165.]
 [-135.    5.   12. ...   44.   16.  203.]
 [-129.    8.   11. ...   55.   19.  179.]
 ...
 [-467.    9.    2. ...    2.    0.  602.]
 [-463.   12.    6. ...    5.    0.  603.]
 [-346.   11.    6. ...    2.    0.  453.]]"
30,"[[128  77  68 ...  34  31  29]
 [116  59  54 ...  26  20  25]
 [ 85  57  48 ...  16  26  33]
 ...
 [ 81  77  70 ...  73  79  81]
 [ 70  66  67 ...  70  69  83]
 [ 80  67  71 ...  74  75  77]]","[[-213.  182.   49. ...   55.   11.   82.]
 [-252.  221.   21. ...   46.  -10.   97.]
 [-225.  137.  -99. ...  -17.  -64.  105.]
 ...
 [-294.   21.   26. ...   15.  -36.  303.]
 [-276.   26.  -11. ...   36.  -37.  292.]
 [-200.   21.  -22. ...   34.  -19.  219.]]"
31,"[[157 158 160 ... 155 154 154]
 [160 161 162 ... 158 157 156]
 [163 163 163 ... 161 160 160]
 ...
 [ 63  54  60 ...  38  36  57]
 [ 57  66  63 ...  48  64  60]
 [ 47  59  64 ...  71  65  61]]","[[-477.   -8.   -5. ...    3.    4.  465.]
 [-643.   -7.   -6. ...    5.    6.  628.]
 [-653.   -5.   -7. ...    6.    6.  640.]
 ...
 [-246.   24.   27. ...  -27.  -69.  176.]
 [-245.  -26.   24. ...  -90.  -33.  229.]
 [-184.  -40.    6. ...  -61.    8.  194.]]"
32,"[[101 104 103 ...  70  65  58]
 [107 105 105 ...  68  70  69]
 [108 104 107 ...  73  82  76]
 ...
 [160 160 162 ... 153 146 144]
 [152 152 157 ... 140 147 142]
 [151 150 156 ... 155 142 131]]","[[-313.   -2.   -1. ...   -7.   23.  200.]
 [-418.    3.   -3. ...  -22.    7.  287.]
 [-420.   -1.   -1. ...  -38.  -16.  310.]
 ...
 [-631.   -5.  -11. ...   28.   21.  585.]
 [-614.  -17.  -34. ...   66.   29.  582.]
 [-452.  -15.  -31. ...   96.   46.  431.]]"
33,"[[ 69  69  70 ... 126 126 128]
 [ 71  69  71 ... 134 135 134]
 [ 75  74  76 ... 132 131 132]
 ...
 [167 166 163 ... 230 229 228]
 [167 167 165 ... 229 228 228]
 [168 168 165 ... 228 228 227]]","[[-207.   -2.   -7. ...   -6.   -4.  387.]
 [-281.   -2.   -9. ...   -2.   -2.  527.]
 [-298.   -5.   -6. ...    8.    0.  528.]
 ...
 [-665.   11.   13. ...    8.    8.  916.]
 [-668.   11.   12. ...    6.    5.  913.]
 [-503.    8.    7. ...    2.    3.  684.]]"
34,"[[ 64  67  66 ... 224 231 221]
 [ 67  68  67 ... 204 219 216]
 [ 79  79  79 ... 198 214 213]
 ...
 [119 120 119 ... 144 136 129]
 [119 117 119 ... 142 131 127]
 [118 118 123 ... 120 117 117]]","[[-202.   -4.    8. ... -108.   -6.  681.]
 [-282.   -2.   10. ... -168.  -36.  883.]
 [-313.    1.   17. ... -138.  -38.  847.]
 ...
 [-473.   -1.  -13. ...   17.   61.  540.]
 [-472.   -5.  -16. ...   22.   48.  515.]
 [-353.  -10.  -16. ...   13.   21.  365.]]"
35,"[[ 78  78  77 ...  72  71  74]
 [ 76  74  76 ...  69  74  77]
 [ 70  72  75 ...  68  72  78]
 ...
 [135 139 146 ... 139 136 133]
 [129 125 129 ... 127 139 136]
 [139 137 140 ... 133 131 129]]","[[-230.    2.    4. ...    2.  -12.  216.]
 [-298.   -4.    0. ...    4.  -28.  291.]
 [-284.  -10.   -6. ...    9.  -34.  288.]
 ...
 [-541.  -35.  -13. ...    1.  -11.  560.]
 [-526.  -12.   15. ...  -10.   -8.  545.]
 [-399.   -2.    6. ...   -9.   -1.  401.]]"
36,"[[191 193 193 ... 177 177 175]
 [192 193 192 ... 176 176 175]
 [191 191 191 ... 175 176 176]
 ...
 [157 163 154 ... 132 134 141]
 [160 162 161 ... 137 137 139]
 [155 156 157 ... 136 139 142]]","[[-579.   -4.    1. ...   -4.    5.  530.]
 [-770.   -2.    1. ...   -3.    3.  705.]
 [-764.    0.   -3. ...   -1.    0.  703.]
 ...
 [-637.    7.    4. ...   12.  -34.  536.]
 [-643.   -1.    5. ...   -8.  -19.  547.]
 [-474.   -5.    3. ...  -18.  -14.  415.]]"
37,"[[142 141 141 ... 145 146 148]
 [142 142 142 ... 143 142 142]
 [142 142 143 ... 140 139 140]
 ...
 [195 194 194 ... 180 180 181]
 [194 193 193 ... 180 180 181]
 [194 193 193 ... 179 178 179]]","[[-424.    2.    0. ...    2.   -5.  434.]
 [-567.    0.   -1. ...    3.   -1.  569.]
 [-569.   -1.   -1. ...    5.   -2.  559.]
 ...
 [-775.    4.   -2. ...   -3.   -4.  721.]
 [-773.    4.   -2. ...   -4.   -3.  718.]
 [-579.    3.   -1. ...   -2.   -1.  536.]]"
38,"[[25 26 26 ... 41 16 15]
 [26 26 26 ... 46 20 16]
 [26 26 27 ... 40 25 16]
 ...
 [69 71 72 ... 73 67 73]
 [70 72 72 ... 70 67 71]
 [70 72 72 ... 68 69 75]]","[[ -78.   -2.    1. ...   91.   82.   52.]
 [-104.   -2.   -2. ...  107.  110.   81.]
 [-105.   -3.   -3. ...   88.   97.   99.]
 ...
 [-287.  -12.   -5. ...   15.   -4.  281.]
 [-287.   -9.    0. ...   21.   -9.  270.]
 [-216.   -6.    2. ...   15.  -15.  205.]]"
39,"[[ 70  63  58 ... 105  97  99]
 [ 65  67  68 ... 101 100  99]
 [ 67  71  68 ...  87  88  90]
 ...
 [139 160 153 ... 163 139 139]
 [147 143 147 ... 145 124 133]
 [134 125 138 ... 136 177 143]]","[[-193.   21.  -16. ...   22.   14.  294.]
 [-268.    5.   -1. ...   14.    7.  385.]
 [-278.   -3.   29. ...   14.   -3.  367.]
 ...
 [-604.  -51.   13. ...  115.   72.  543.]
 [-571.  -18.  -30. ...   67.   41.  564.]
 [-393.   -8.  -67. ...  -42.   -2.  478.]]"
40,"[[ 57  58  59 ... 226 202 137]
 [ 58  58  59 ... 225 202 137]
 [ 58  59  60 ... 224 203 138]
 ...
 [159 155 153 ...  47  45  45]
 [160 154 158 ...  45  45  45]
 [161 154 159 ...  44  45  45]]","[[-174.   -5.   -6. ...  -36.  266.  606.]
 [-233.   -6.   -8. ...  -49.  351.  809.]
 [-235.   -7.   -8. ...  -53.  345.  812.]
 ...
 [-620.   23.   -5. ...   12.    8.  180.]
 [-617.   12.  -18. ...    9.    1.  180.]
 [-462.    6.  -19. ...    6.   -2.  135.]]"
41,"[[ 99 100 101 ...  67  82  84]
 [107 103  85 ...  45  83  78]
 [106 109  90 ...  94 113 102]
 ...
 [ 89  49  57 ...  63  73  66]
 [ 69  56  68 ...  62  67  81]
 [ 73  63  69 ...  55  61  82]]","[[-303.   18.    1. ... -121.  -67.  247.]
 [-415.   58.   13. ... -149.  -91.  361.]
 [-419.   68.   42. ...  -83.  -70.  406.]
 ...
 [-222.   58.  -58. ...  -14.  -26.  298.]
 [-224.   38.  -47. ...    7.  -68.  268.]
 [-182.    9.  -11. ...   -9.  -73.  189.]]"
42,"[[225 210 152 ... 148 120  69]
 [230 226 229 ... 164  95  75]
 [129 154 187 ... 152  98  72]
 ...
 [ 35  32  39 ...  77  75  74]
 [128  88  68 ...  81  75  75]
 [147 128 118 ...  79  78  73]]","[[-646.  147.  187. ...  -56.  247.  335.]
 [-816.   17.   95. ...   18.  337.  408.]
 [-653.  -44.  -28. ...   77.  259.  416.]
 ...
 [-221.    1.  -35. ...  -19.    2.  301.]
 [-336.  145.  127. ...  -34.   21.  303.]
 [-344.  118.  174. ...  -30.   18.  231.]]"
43,"[[145 145 145 ... 108 107 107]
 [147 147 147 ... 111 110 109]
 [148 148 148 ... 113 112 111]
 ...
 [ 81  48  71 ...  78  69  66]
 [ 79  49  66 ...  79  73  59]
 [ 72  49  67 ...  70  73  66]]","[[-437.    0.   -3. ...    3.    4.  324.]
 [-587.    0.   -4. ...    5.    7.  439.]
 [-593.    0.   -3. ...    7.    7.  448.]
 ...
 [-195.   33. -167. ... -132.   48.  275.]
 [-195.   41. -170. ... -130.   56.  288.]
 [-147.   23. -101. ...  -91.   28.  219.]]"
44,"[[221 221 222 ... 235 235 234]
 [221 221 222 ... 235 235 234]
 [221 221 222 ... 235 235 234]
 ...
 [190 190 190 ... 238 238 237]
 [188 188 188 ... 238 238 237]
 [187 187 187 ... 238 238 237]]","[[-663.   -3.   -3. ...    0.    3.  705.]
 [-884.   -4.   -4. ...    0.    4.  940.]
 [-885.   -3.   -3. ...    0.    3.  940.]
 ...
 [-758.    0.    0. ...    0.    3.  952.]
 [-753.    0.    0. ...    0.    4.  952.]
 [-562.    0.    0. ...    0.    3.  714.]]"
45,"[[111 110 105 ... 119 116 113]
 [109 106 104 ... 112 114 111]
 [107 106 103 ...  46  55  54]
 ...
 [161 156 160 ... 221 222 221]
 [172 168 167 ... 218 217 218]
 [182 181 174 ... 219 221 225]]","[[-326.   17.    6. ...   24.   13.  346.]
 [-428.   20.    6. ...   88.    0.  399.]
 [-405.   13.   -6. ...  171.  -38.  289.]
 ...
 [-655.   24.   10. ...   -5.   -2.  880.]
 [-673.   19.   10. ...   -4.   -6.  877.]
 [-530.   21.   21. ...   -7.  -12.  659.]]"
46,"[[ 24  25  24 ...  26  26  24]
 [ 25  22  22 ...  25  27  23]
 [ 27  21  27 ...  26  27  28]
 ...
 [140 125 129 ... 124 123 124]
 [121 123 126 ... 118 126 124]
 [137 132 126 ... 118 118 118]]","[[ -72.    3.  -10. ...   -5.    6.   79.]
 [ -90.    6.  -22. ...   -5.    4.  107.]
 [ -88.    2.  -19. ...  -13.   -1.  114.]
 ...
 [-506.   33.    1. ...  -35.  -10.  510.]
 [-503.   12.    2. ...  -62.  -12.  493.]
 [-387.   17.   12. ...  -31.   -6.  362.]]"
47,"[[ 39  31  29 ...  18  25  35]
 [ 37  31  29 ...  18  26  34]
 [ 37  32  27 ...  18  22  28]
 ...
 [161 161 161 ... 123 121 121]
 [160 162 162 ... 122 122 121]
 [159 160 160 ... 121 123 121]]","[[ -93.   28.   21. ...  -24.  -50.   76.]
 [-125.   36.   27. ...  -35.  -59.   99.]
 [-130.   40.   27. ...  -34.  -47.   91.]
 ...
 [-644.   -2.    3. ...    6.    7.  484.]
 [-645.   -5.    2. ...    1.    4.  488.]
 [-482.   -4.    1. ...   -2.    1.  368.]]"
48,"[[11 11 11 ... 10 10 10]
 [11 11 11 ... 10 10 10]
 [11 11 11 ... 10  9  9]
 ...
 [41 41 30 ... 15 12 19]
 [40 43 51 ... 15  5 23]
 [ 6  9 13 ... 17 11 39]]","[[ -33.    0.    0. ...    0.    0.   30.]
 [ -44.    0.    0. ...    1.    1.   39.]
 [ -44.    0.    0. ...    2.    2.   38.]
 ...
 [-191.    0.   85. ...   30.    3.   47.]
 [-136.  -18.   42. ...   50.  -42.   33.]
 [ -61.  -25.   10. ...   56.  -52.   27.]]"
49,"[[11 11 10 ... 17 20 22]
 [11 11 10 ... 19 21 22]
 [ 9  9 10 ... 21 22 23]
 ...
 [ 4  8 14 ...  3  3  3]
 [ 5  6 12 ...  3  3  3]
 [ 6  7 14 ...  3  3  3]]","[[-33.   3.   1. ...  -9. -13.  61.]
 [-42.   2.   3. ... -12. -13.  84.]
 [-37.  -3.   4. ... -13.  -9.  88.]
 ...
 [-32. -38. -39. ...   0.   0.  12.]
 [-27. -32. -41. ...   0.   0.  12.]
 [-20. -23. -32. ...   0.   0.   9.]]"
50,"[[220 220 219 ... 228 228 228]
 [220 219 219 ... 227 227 227]
 [219 218 218 ... 226 226 226]
 ...
 [ 20  19  20 ...  15  16  17]
 [ 20  21  20 ...  17  17  17]
 [ 20  21  20 ...  17  17  17]]","[[-659.    3.    0. ...    0.    0.  683.]
 [-876.    4.    1. ...    0.    0.  908.]
 [-872.    4.    3. ...    0.    0.  905.]
 ...
 [ -77.    1.   -3. ...    3.   -5.   65.]
 [ -82.    0.    2. ...    1.   -2.   67.]
 [ -63.    0.    3. ...    0.    0.   51.]]"
51,"[[238 240 240 ... 147 144 137]
 [241 242 243 ... 159 159 146]
 [242 243 244 ... 167 167 155]
 ...
 [ 42  39  52 ...  24  40  49]
 [ 43  41  56 ...  41  58  37]
 [ 33  40  36 ...  22  24  24]]","[[-722.   -6.   -1. ...   28.   33.  447.]
 [-967.   -8.   -3. ...   28.   48.  629.]
 [-972.   -7.   -5. ...   19.   49.  668.]
 ...
 [-204.  -82.  -41. ...  -21.  -45.  173.]
 [-161.  -39.  -63. ...  -43.  -19.  180.]
 [-121.  -19.  -48. ...   -7.    0.  106.]]"
52,"[[154 137  91 ...  66  79  97]
 [148  75  66 ...  60  75  95]
 [145  83  81 ...  58  69  93]
 ...
 [ 41  43  46 ...  69  66  81]
 [ 39  43  45 ...  71  70  73]
 [ 38  41  44 ...  81  66  70]]","[[-349.  208.  131. ...  -47.  -97.  233.]
 [-370.  291.   61. ...  -45. -136.  298.]
 [-319.  216.   -2. ...  -18. -136.  281.]
 ...
 [-174.  -21.  -14. ...   22.  -32.  268.]
 [-170.  -23.  -17. ...   36.   -5.  272.]
 [-125.  -18.  -14. ...   43.   20.  202.]]"
53,"[[127 129 132 ... 185 170 162]
 [128 130 132 ... 180 168 162]
 [128 130 133 ... 172 168 161]
 ...
 [ 75  77  78 ...  91  87  80]
 [ 76  78  79 ...  91  89  82]
 [ 74  76  76 ...  90  87  84]]","[[-388.  -14.  -18. ...   44.   64.  508.]
 [-519.  -18.  -24. ...   56.   70.  674.]
 [-520.  -19.  -24. ...   48.   47.  674.]
 ...
 [-311.  -14.  -14. ...   22.   42.  348.]
 [-309.  -11.   -7. ...   14.   35.  352.]
 [-230.   -7.   -1. ...   10.   21.  263.]]"
54,"[[ 86  83  84 ...  84  84  84]
 [ 99  85  84 ...  84  84  84]
 [121  97  87 ...  84  84  84]
 ...
 [ 61 112  92 ... 191 139 151]
 [171 150 115 ... 140 140 113]
 [149 179 141 ... 107 110  98]]","[[-251.   19.   -1. ...    0.    0.  252.]
 [-350.   66.   14. ...    0.    0.  336.]
 [-401.  130.   63. ...    0.    0.  336.]
 ...
 [-467.  -67.  229. ...   58.   69.  602.]
 [-591.   89.  354. ...   84.  103.  529.]
 [-508.   72.  374. ...   49.   45.  360.]]"
55,"[[ 45  45  43 ...  54  51  48]
 [ 45  46  45 ...  54  51  49]
 [ 45  47  45 ...  55  52  50]
 ...
 [203 171 183 ... 231 215 231]
 [168 191 195 ... 213 228 216]
 [179 178 194 ... 207 202 209]]","[[-136.    4.    6. ...    7.   17.  153.]
 [-184.    2.    8. ...    9.   21.  205.]
 [-187.    1.    6. ...    6.   18.  209.]
 ...
 [-695.   85. -153. ...  -55.  -11.  883.]
 [-731.  -49.  -89. ...  -40.   -8.  873.]
 [-547.  -57.  -65. ...    7.   -7.  632.]]"
56,"[[128 127 128 ... 139 139 140]
 [127 126 128 ... 140 140 141]
 [126 126 127 ... 141 141 142]
 ...
 [ 70  42  48 ...  36  29  32]
 [ 58  69  63 ...  17  63  26]
 [ 56  57  48 ...  37  25  68]]","[[-380.   -1.   -4. ...    0.   -3.  418.]
 [-505.   -3.   -4. ...   -1.   -4.  560.]
 [-503.   -4.    1. ...   -3.   -4.  564.]
 ...
 [-215.   46.  -10. ...  319.   22.  172.]
 [-237.   20.    2. ...  333.  -45.  180.]
 [-183.   11.   -9. ...  204.  -71.  113.]]"
57,"[[11 10 10 ...  9  9  9]
 [11 10 10 ...  9  9  9]
 [10 10 10 ...  9  9  9]
 ...
 [ 9  9  9 ...  9  9 10]
 [ 9  9  9 ...  9  9 10]
 [ 9  9  9 ...  9  9 10]]","[[-30.   3.  -2. ...   3.   0.  27.]
 [-40.   3.  -1. ...   4.   0.  36.]
 [-40.   1.   0. ...   4.   0.  36.]
 ...
 [-36.   0.   0. ...   0.  -4.  36.]
 [-36.   0.   0. ...   0.  -4.  36.]
 [-27.   0.   0. ...   0.  -3.  27.]]"
58,"[[44 44 41 ... 49 48 49]
 [45 44 42 ... 49 49 51]
 [45 45 43 ... 51 52 54]
 ...
 [35 36 36 ... 41 40 38]
 [35 36 36 ... 41 41 38]
 [36 36 36 ... 40 41 39]]","[[-132.    9.    8. ...   13.   -2.  145.]
 [-177.   11.    8. ...   10.   -7.  198.]
 [-179.   10.    5. ...   -2.  -11.  207.]
 ...
 [-144.   -4.   -1. ...   10.    8.  159.]
 [-144.   -3.   -3. ...    1.   10.  163.]
 [-108.   -1.   -3. ...   -4.    5.  123.]]"
59,"[[ 83  89  90 ... 235 235 231]
 [ 83  81  85 ... 231 232 229]
 [ 85  76  78 ... 230 232 232]
 ...
 [ 78  89  86 ... 147 143 127]
 [ 89  93  92 ... 161 154 134]
 [105  94  96 ... 171 172 148]]","[[-259.  -16.   34. ...   -5.   10.  702.]
 [-327.   -4.   18. ...   -7.    6.  931.]
 [-305.   20.   -1. ...  -12.   -4.  933.]
 ...
 [-357.  -33.   43. ...   80.   77.  573.]
 [-369.   -5.   13. ...   67.   97.  623.]
 [-281.   15.   -9. ...   22.   73.  498.]]"
60,"[[187 187 186 ... 172 170 170]
 [188 187 187 ... 172 171 170]
 [190 189 188 ... 172 171 170]
 ...
 [ 62  62  63 ...  18  17  18]
 [ 62  62  62 ...  18  17  18]
 [ 60  60  61 ...  18  17  18]]","[[-561.    3.    9. ...    8.    6.  511.]
 [-750.    5.   13. ...   10.    8.  683.]
 [-758.    7.   17. ...   10.    8.  685.]
 ...
 [-245.   -6.   -8. ...    1.   -2.   68.]
 [-246.   -2.   -5. ...    4.    0.   68.]
 [-182.   -2.   -5. ...    3.    0.   51.]]"
61,"[[179 179 179 ... 188 188 188]
 [179 179 179 ... 188 188 188]
 [179 179 179 ... 188 188 188]
 ...
 [ 71  86  78 ...  69  65  95]
 [ 62  68  45 ...  73  68  75]
 [ 73  70  59 ...  77  78  73]]","[[-537.    0.   -3. ...    0.    0.  564.]
 [-716.    0.   -4. ...    0.    0.  752.]
 [-716.    0.   -3. ...    0.   -1.  752.]
 ...
 [-323.  -11.   59. ...   25.  -50.  275.]
 [-292.   41.   42. ...   -6.  -26.  279.]
 [-208.   45.   28. ...    1.    6.  224.]]"
62,"[[ 92  91  91 ...  84  83  82]
 [ 92  91  90 ...  93  88  85]
 [ 91  90  90 ... 111 103  97]
 ...
 [ 75  79  78 ...  80  80  79]
 [ 77  80  77 ...  80  81  78]
 [ 79  81  77 ...  79  81  78]]","[[-273.    4.    0. ...   22.   12.  254.]
 [-363.    6.    0. ...   48.   32.  362.]
 [-361.    5.    0. ...   69.   52.  419.]
 ...
 [-315.  -16.   19. ...    8.    3.  313.]
 [-320.   -1.   28. ...   -7.    6.  323.]
 [-242.    4.   25. ...   -8.    4.  243.]]"
63,"[[133 194 109 ...  84 121 145]
 [ 67 111  88 ...  89 119 140]
 [103  73  85 ...  89 102 128]
 ...
 [ 72  69  81 ...  65  66  64]
 [ 73  71  76 ...  62  66  56]
 [ 66  69  72 ...  60  65  54]]","[[-499.   27.  288. ... -133. -173.  361.]
 [-489.    0.  217. ... -179. -202.  461.]
 [-323.   57.  -11. ... -137. -154.  416.]
 ...
 [-272.  -38.   16. ...  -16.    3.  260.]
 [-280.  -21.   39. ...  -31.   19.  263.]
 [-209.  -15.   32. ...  -33.   18.  196.]]"
64,"[[19 19 19 ... 33 35 36]
 [19 19 19 ... 31 32 33]
 [19 19 19 ... 27 28 28]
 ...
 [45 31 22 ... 20 18 18]
 [46 50 42 ... 20 18 19]
 [43 66 58 ... 20 19 21]]","[[ -57.    0.    0. ...   -8.   -8.  102.]
 [ -76.    0.   -1. ...   -8.   -8.  127.]
 [ -76.    1.   -3. ...   -3.   -3.  114.]
 ...
 [-133.   49.  -19. ...    8.    6.   73.]
 [-197.   16.   22. ...   12.    3.   73.]
 [-182.  -26.   39. ...    6.   -1.   56.]]"
65,"[[234 234 234 ... 235 235 235]
 [234 234 234 ... 235 235 235]
 [234 234 234 ... 235 235 235]
 ...
 [224 225 225 ... 235 235 235]
 [224 224 224 ... 235 235 235]
 [223 223 224 ... 235 235 235]]","[[-702.    0.    0. ...    0.    0.  705.]
 [-936.    0.    0. ...    0.    0.  940.]
 [-936.    0.    0. ...    0.    0.  940.]
 ...
 [-899.   -2.   -2. ...    0.    0.  940.]
 [-896.   -2.   -3. ...    0.    0.  940.]
 [-670.   -2.   -3. ...    0.    0.  705.]]"
66,"[[231 231 231 ... 234 234 234]
 [231 231 231 ... 234 234 234]
 [231 231 231 ... 234 234 234]
 ...
 [233 233 233 ... 227 227 227]
 [232 232 232 ... 227 227 227]
 [232 232 232 ... 227 227 227]]","[[-693.    0.    0. ...    0.    0.  702.]
 [-924.    0.    0. ...    0.    0.  936.]
 [-924.    0.    0. ...    0.    0.  936.]
 ...
 [-931.    0.    0. ...    0.    0.  908.]
 [-929.    0.    0. ...    0.    0.  908.]
 [-696.    0.    0. ...    0.    0.  681.]]"
67,"[[231 231 231 ... 234 234 234]
 [231 231 231 ... 234 234 234]
 [231 231 231 ... 234 234 234]
 ...
 [233 233 233 ... 227 227 227]
 [232 232 232 ... 227 227 227]
 [232 232 232 ... 227 227 227]]","[[-693.    0.    0. ...    0.    0.  702.]
 [-924.    0.    0. ...    0.    0.  936.]
 [-924.    0.    0. ...    0.    0.  936.]
 ...
 [-931.    0.    0. ...    0.    0.  908.]
 [-929.    0.    0. ...    0.    0.  908.]
 [-696.    0.    0. ...    0.    0.  681.]]"
68,"[[169 170 170 ... 178 178 178]
 [169 170 170 ... 178 178 178]
 [170 170 170 ... 178 178 178]
 ...
 [150 150 150 ... 167 166 166]
 [150 150 150 ... 167 166 166]
 [150 150 150 ... 167 166 166]]","[[-510.   -3.   -1. ...    3.    0.  534.]
 [-680.   -3.   -3. ...    4.    0.  712.]
 [-680.   -1.   -4. ...    4.    0.  712.]
 ...
 [-601.    0.    0. ...    3.    3.  664.]
 [-600.    0.    0. ...    4.    4.  664.]
 [-450.    0.    0. ...    3.    3.  498.]]"
69,"[[38 38 38 ... 67 67 67]
 [38 38 38 ... 68 67 67]
 [38 38 38 ... 68 68 68]
 ...
 [ 6  6  6 ...  9  9  9]
 [ 6  6  6 ...  9  9  9]
 [ 6  6  6 ...  8  8  8]]","[[-114.    0.   -3. ...    3.    1.  201.]
 [-152.    0.   -4. ...    4.    2.  269.]
 [-152.   -1.   -4. ...    4.    2.  271.]
 ...
 [ -24.    0.    0. ...    0.    0.   36.]
 [ -24.    0.    0. ...    0.    0.   35.]
 [ -18.    0.    0. ...    0.    0.   25.]]"
70,"[[104 102  98 ... 109 108 106]
 [106 106 107 ... 106 105 101]
 [113 113 114 ...  99  96  91]
 ...
 [146 142 141 ...  77  76  91]
 [150 149 146 ...  85  79  85]
 [151 150 147 ...  92  86  88]]","[[-310.   11.   31. ...    4.   11.  321.]
 [-427.    3.   19. ...    6.   21.  414.]
 [-461.    1.    6. ...   16.   34.  384.]
 ...
 [-568.   24.   30. ...   26.  -61.  314.]
 [-590.   17.   24. ...   49.  -10.  320.]
 [-449.   12.   19. ...   39.    8.  251.]]"
71,"[[ 32  32  33 ...  35  35  35]
 [ 32  32  32 ...  35  35  35]
 [ 31  31  32 ...  35  35  35]
 ...
 [ 34  34  31 ... 120 113 107]
 [ 31  32  29 ... 125 119 114]
 [ 31  31  29 ... 129 125 119]]","[[ -96.   -2.   -3. ...    0.    0.  105.]
 [-127.   -2.   -4. ...    0.    0.  140.]
 [-127.   -1.   -2. ...    0.    0.  140.]
 ...
 [-134.   12.   23. ...   44.   57.  451.]
 [-129.    9.   19. ...   34.   45.  476.]
 [ -94.    6.   11. ...   19.   31.  369.]]"
72,"[[ 7  5  6 ...  2  2  2]
 [ 7  5  6 ...  2  2  2]
 [ 8  6  6 ...  2  2  2]
 ...
 [11 10 10 ... 21  9  8]
 [11  9  9 ... 20  8  8]
 [11  9  8 ... 20  8  6]]","[[-15.   3.  -6. ...   0.   0.   6.]
 [-21.   5.  -7. ...   0.   0.   8.]
 [-25.   9.  -2. ...   0.   0.   8.]
 ...
 [-37.   4.   0. ...  54.  50.  33.]
 [-37.   8.  -1. ...  50.  51.  33.]
 [-27.   8.  -1. ...  37.  40.  24.]]"
73,"[[210 210 210 ... 182 182 182]
 [210 210 210 ... 182 182 182]
 [210 210 210 ... 182 182 182]
 ...
 [208 210 215 ... 151 151 151]
 [218 217 218 ... 151 151 151]
 [220 221 222 ... 151 151 151]]","[[-630.    0.    0. ...    0.    0.  546.]
 [-840.    0.    0. ...    0.    0.  728.]
 [-840.    0.    0. ...    0.    0.  728.]
 ...
 [-838.  -34.  -39. ...    0.    0.  604.]
 [-865.   -9.  -18. ...    0.    0.  604.]
 [-659.   -4.   -6. ...    0.    0.  453.]]"
74,"[[111 110 110 ... 235 235 235]
 [115 113 111 ... 235 235 235]
 [106 106 108 ... 235 235 235]
 ...
 [215 214 213 ... 166 176 177]
 [215 214 214 ... 168 178 180]
 [215 214 214 ... 172 180 184]]","[[-333.    6.    1. ...    0.    0.  705.]
 [-442.    7.    2. ...    0.    0.  940.]
 [-439.    4.    1. ...    0.    0.  940.]
 ...
 [-856.    9.    4. ...  -44.  -33.  713.]
 [-856.    5.    4. ...  -61.  -47.  712.]
 [-642.    3.    3. ...  -53.  -36.  538.]]"
75,"[[222 219 219 ... 244 244 244]
 [219 220 221 ... 244 244 244]
 [144 153 163 ... 244 244 244]
 ...
 [128 119 115 ...  56  59  56]
 [127 119 115 ...  60  63  59]
 [127 119 115 ...  65  66  62]]","[[-658.    4.   -7. ...    0.    0.  732.]
 [-812.  -20.  -34. ...    0.    0.  976.]
 [-644.  -39.  -45. ...    0.    0.  976.]
 ...
 [-478.   50.   12. ...   -4.    2.  241.]
 [-476.   49.   12. ...   -9.    5.  251.]
 [-357.   36.    9. ...  -10.    7.  195.]]"
76,"[[ 36  28  85 ...  34  57  85]
 [ 33  18  36 ...  37  59  87]
 [ 34  24  13 ...  41  61  90]
 ...
 [125 141 149 ... 113 122 125]
 [129 144 148 ... 106 124 133]
 [138 149 144 ...  84 101 112]]","[[ -74. -101. -244. ...  -14. -152.  173.]
 [ -88.  -34. -195. ...  -17. -200.  236.]
 [ -97.   51.  -31. ...  -14. -191.  238.]
 ...
 [-566.  -86.  -17. ... -108.  -63.  484.]
 [-578.  -68.    2. ... -165.  -94.  471.]
 [-442.  -31.   17. ... -130.  -83.  326.]]"
77,"[[198 197 198 ... 134 144 146]
 [199 200 202 ... 123 120 116]
 [204 208 206 ...  92 101 120]
 ...
 [164 169 176 ... 212 209 210]
 [155 137 114 ... 214 211 209]
 [145 107  72 ... 213 213 210]]","[[-594.   -3.    9. ...  -75.  -17.  408.]
 [-805.   -8.   11. ... -107.  -26.  485.]
 [-827.  -11.   13. ... -116.  -88.  405.]
 ...
 [-647.   17.   -8. ...   16.   19.  829.]
 [-550.  143.   -6. ...    7.   15.  844.]
 [-351.  187.   -8. ...    2.   11.  637.]]"
78,"[[167 187 178 ... 121 131 135]
 [162 183 190 ... 110 118 149]
 [183 171 173 ... 123 133 148]
 ...
 [ 65  68  64 ... 150 107 166]
 [ 68  70  64 ... 147 133 145]
 [ 69  68  68 ... 153 196 126]]","[[-557.  -50.   74. ...  147.  -67.  380.]
 [-724.  -57.  104. ...  267. -117.  500.]
 [-675.   54.  112. ...  208. -118.  550.]
 ...
 [-274.    1.    7. ...  153.  -42.  460.]
 [-276.   10.   22. ...   82.   15.  569.]
 [-206.    6.   16. ...  -27.   56.  525.]]"
79,"[[244 244 245 ... 243 242 241]
 [244 244 245 ... 242 242 241]
 [243 243 244 ... 242 241 240]
 ...
 [ 27  27  27 ...  27  27  27]
 [ 27  27  27 ...  27  27  27]
 [ 27  27  27 ...  27  27  27]]","[[-732.   -3.   -6. ...    5.    5.  726.]
 [-975.   -4.   -8. ...    6.    6.  967.]
 [-973.   -4.   -8. ...    6.    6.  965.]
 ...
 [-108.    0.    0. ...    3.    0.  108.]
 [-108.    0.    0. ...    1.    0.  108.]
 [ -81.    0.    0. ...    0.    0.   81.]]"
80,"[[91 92 93 ... 83 84 83]
 [92 92 93 ... 84 84 84]
 [92 92 93 ... 85 85 84]
 ...
 [72 70 71 ...  8  8  8]
 [69 67 69 ...  8  8  8]
 [66 63 59 ...  8  8  8]]","[[-276.   -5.  -11. ...   -2.    0.  252.]
 [-368.   -5.  -13. ...   -1.    1.  337.]
 [-368.   -4.  -12. ...    2.    3.  339.]
 ...
 [-276.    3.  -13. ...    3.   -1.   33.]
 [-267.    8.   -3. ...    5.    0.   32.]
 [-193.   14.   14. ...    5.    0.   24.]]"
81,"[[ 45  45  46 ...  42  41  40]
 [ 45  46  46 ...  42  41  41]
 [ 45  46  47 ...  43  42  41]
 ...
 [156 159 164 ... 107 102 102]
 [160 162 164 ... 110 105 106]
 [163 165 165 ... 112 107 109]]","[[-136.   -3.   -8. ...    7.    5.  123.]
 [-183.   -5.   -9. ...   10.    6.  165.]
 [-185.   -7.   -8. ...    9.    7.  168.]
 ...
 [-634.  -30.  -33. ...   44.   22.  406.]
 [-648.  -18.  -15. ...   48.   16.  419.]
 [-492.   -8.    0. ...   36.   10.  319.]]"
82,"[[ 25  24  22 ...  91  91  89]
 [ 27  26  24 ...  97  97  96]
 [ 30  28  27 ...  99 100 100]
 ...
 [ 60  72  82 ...  39  38  38]
 [ 92  95 106 ...  40  40  41]
 [ 76  84  95 ...  39  40  42]]","[[ -74.    9.   12. ...  -14.    5.  279.]
 [-104.   12.   16. ...  -16.    3.  385.]
 [-113.   13.   17. ...  -13.   -2.  401.]
 ...
 [-318.  -67.  -23. ...    7.    3.  152.]
 [-346.  -69.  -29. ...    0.   -4.  158.]
 [-263.  -52.  -28. ...   -4.   -7.  120.]]"
83,"[[252 252 252 ... 207 206 205]
 [252 252 252 ... 207 207 206]
 [252 252 252 ... 208 207 206]
 ...
 [151 154 155 ... 165 165 166]
 [149 152 155 ... 166 166 167]
 [148 152 156 ... 167 168 169]]","[[ -756.     0.     0. ...     6.     5.   619.]
 [-1008.     0.     0. ...     8.     6.   827.]
 [-1008.     0.     0. ...     9.     7.   828.]
 ...
 [ -615.   -15.   -15. ...    -4.    -4.   659.]
 [ -610.   -24.   -24. ...    -5.    -5.   665.]
 [ -456.   -22.   -24. ...    -5.    -5.   502.]]"
84,"[[ 67  61  52 ...  84  86  93]
 [ 55  58  51 ...  76  76  94]
 [ 49  55  46 ...  67  76 104]
 ...
 [ 28  27  27 ...  73  77  84]
 [ 30  28  30 ...  67  70  73]
 [ 30  28  30 ...  74  84  85]]","[[-180.   34.   27. ...  -57.  -36.  248.]
 [-232.   26.   40. ...  -24.  -82.  314.]
 [-223.   17.   42. ...   23. -129.  315.]
 ...
 [-109.    3.    2. ...  -10.  -26.  296.]
 [-111.    1.   -9. ...  -28.  -34.  301.]
 [ -84.    0.  -14. ...  -37.  -28.  238.]]"
85,"[[144 135 132 ...  74  84 101]
 [138 133 129 ...  73  77  92]
 [135 133 127 ...  76  77  89]
 ...
 [ 36  37  39 ...   2   2   2]
 [ 36  37  37 ...   3   3   3]
 [ 35  36  36 ...   3   3   3]]","[[-403.   33.   37. ...  -35.  -73.  245.]
 [-534.   38.   51. ...  -27.  -78.  315.]
 [-519.   35.   32. ...   -6.  -47.  304.]
 ...
 [-151.   -9.   -8. ...    0.    0.    9.]
 [-147.   -6.   -2. ...    0.    0.   11.]
 [-109.   -3.    2. ...    0.    0.    9.]]"
86,"[[ 16  18  11 ...  56  13   3]
 [ 26  21  11 ...  39  19  24]
 [ 35  20  14 ...  41  57  62]
 ...
 [103  58  90 ...   3   2   2]
 [ 71  64 131 ...   3   2   2]
 [ 90  68 151 ...   3   4   5]]","[[ -57.   25.    9. ...   98.  121.   45.]
 [ -80.   56.    9. ...   56.   62.  108.]
 [ -88.   71.    0. ...  -80.  -20.  193.]
 ...
 [-243.  -57. -259. ...   55.    2.    7.]
 [-254. -168. -273. ...   39.    1.   10.]
 [-200. -182. -163. ...   23.   -3.   10.]]"
87,"[[249 249 249 ... 247 247 247]
 [249 249 249 ... 247 247 247]
 [249 249 249 ... 247 247 247]
 ...
 [190 190 192 ... 193 194 193]
 [173 175 176 ... 199 200 202]
 [173 174 177 ... 188 192 198]]","[[-747.    0.    0. ...    0.    0.  741.]
 [-996.    0.    0. ...    0.    0.  988.]
 [-995.    0.    0. ...    0.    1.  988.]
 ...
 [-748.   -9.   -8. ...   -7.   -4.  791.]
 [-714.  -12.  -10. ...   -8.  -16.  786.]
 [-523.  -11.  -10. ...   -4.  -23.  584.]]"
88,"[[254 254 254 ... 229 229 229]
 [254 254 254 ... 229 229 229]
 [255 255 255 ... 228 228 228]
 ...
 [ 35  35  35 ...  62  70  87]
 [ 35  37  37 ...  51  47  57]
 [ 38  41  42 ...  59  50  69]]","[[-7.620e+02  0.000e+00  0.000e+00 ...  2.000e+00  0.000e+00  6.870e+02]
 [-1.017e+03  0.000e+00  0.000e+00 ...  2.000e+00  0.000e+00  9.150e+02]
 [-1.019e+03  0.000e+00  0.000e+00 ...  3.000e+00  0.000e+00  9.130e+02]
 ...
 [-1.410e+02 -2.000e+00  1.000e+00 ... -9.000e+00 -9.000e+01  2.400e+02]
 [-1.500e+02 -8.000e+00 -3.000e+00 ...  7.500e+01 -4.700e+01  2.140e+02]
 [-1.190e+02 -1.000e+01 -6.000e+00 ...  8.900e+01 -2.600e+01  1.470e+02]]"
89,"[[128 120 105 ... 204 201 209]
 [141 153 160 ... 188 196 200]
 [160 169 182 ... 175 180 191]
 ...
 [190 190 190 ... 124  96  89]
 [189 189 189 ... 102  94 106]
 [189 189 189 ...  64  64  67]]","[[-393.   27.   -8. ...   31.  -22.  598.]
 [-595.  -37.  -66. ...   27.  -45.  773.]
 [-652.  -77.  -71. ...    0.  -60.  725.]
 ...
 [-759.    0.    0. ...    9.   50.  379.]
 [-757.    0.    0. ...  -12.   24.  348.]
 [-567.    0.    0. ...  -27.  -10.  222.]]"
90,"[[170 180 193 ...  97  97  97]
 [167 181 194 ...  98  98  98]
 [155 178 194 ...  99  99  99]
 ...
 [ 79  80  79 ...  45  44  44]
 [ 79  78  73 ...  43  42  42]
 [ 77  75  69 ...  41  41  40]]","[[-541.  -73.  -47. ...    0.    0.  292.]
 [-720. -116.  -66. ...    0.    0.  392.]
 [-707. -152.  -82. ...    0.    0.  395.]
 ...
 [-319.    4.   23. ...    4.    5.  176.]
 [-311.   20.   37. ...    3.    4.  169.]
 [-228.   22.   34. ...    1.    3.  124.]]"
91,"[[227 228 228 ... 237 237 236]
 [228 228 228 ... 237 237 237]
 [228 229 229 ... 238 238 238]
 ...
 [197 197 197 ... 241 241 241]
 [196 196 196 ... 241 241 241]
 [195 195 195 ... 241 241 241]]","[[-684.   -2.   -3. ...    3.    2.  711.]
 [-913.   -2.   -4. ...    4.    1.  949.]
 [-915.   -3.   -4. ...    3.    0.  952.]
 ...
 [-787.   -1.    0. ...    0.    0.  964.]
 [-784.    0.    0. ...    0.    0.  964.]
 [-586.    0.    0. ...    0.    0.  723.]]"
92,"[[159 158 158 ...  83  83  82]
 [158 158 158 ...  84  83  83]
 [158 158 159 ...  85  84  83]
 ...
 [ 23  19  18 ...  12  17  21]
 [ 18  14  14 ...  20  23  27]
 [ 11   8   8 ...  25  27  29]]","[[-474.    2.   -4. ...    4.    3.  249.]
 [-632.    0.   -8. ...    7.    5.  333.]
 [-632.   -4.  -12. ...    8.    7.  336.]
 ...
 [ -72.   14.    0. ...   -2.  -21.   63.]
 [ -55.   16.   -4. ...    4.  -27.   90.]
 [ -30.   10.   -5. ...    7.  -15.   77.]]"
93,"[[182 180 178 ...  86  81  77]
 [197 193 190 ...  67  60  59]
 [207 204 200 ...  61  57  58]
 ...
 [ 25  25  25 ...  35  31  29]
 [ 25  25  25 ...  26  26  24]
 [ 25  25  25 ...  25  26  24]]","[[-553.   15.    8. ...   41.   26.  222.]
 [-770.   25.   23. ...   65.   28.  258.]
 [-812.   26.   36. ...   57.   16.  236.]
 ...
 [-100.    0.    0. ...   30.   23.  131.]
 [-100.    0.    0. ...    9.   11.  109.]
 [ -75.    0.    0. ...   -1.    4.   78.]]"
94,"[[232 230 228 ...  31 143  71]
 [237 228 225 ...  50  75  60]
 [233 229 222 ...  26  28  22]
 ...
 [ 74  80  91 ...  71  72  81]
 [ 64  70  66 ...  73  81  45]
 [ 93 136 112 ...  80  79  51]]","[[-688.   20.  -26. ... -235.  -90.  361.]
 [-915.   39.    6. ... -146.  -56.  321.]
 [-901.   34.   63. ...   97.   21.  142.]
 ...
 [-322.  -29.   25. ...   98.   59.  318.]
 [-356.  -40.   82. ...   99.   75.  313.]
 [-342.  -40.  111. ...   31.   86.  239.]]"
95,"[[ 40  39  39 ... 179  86 195]
 [ 40  39  39 ... 207 152 224]
 [ 40  39  39 ... 232 213 235]
 ...
 [ 50  38  43 ...  46  58  59]
 [ 43  38  49 ...  49  59  50]
 [ 42  46  48 ...  50  44  36]]","[[-117.    3.    0. ...  409.  -49.  324.]
 [-156.    4.    0. ...  360.  -53.  603.]
 [-156.    5.    0. ...  127.  -19.  815.]
 ...
 [-158.   14.  -45. ...    7.  -39.  233.]
 [-160.  -11.  -50. ...   38.   -1.  220.]
 [-130.  -18.  -29. ...   59.   27.  147.]]"
96,"[[ 83  83  83 ...  58  59  58]
 [ 89  89  89 ...  61  55  60]
 [ 91  89  91 ...  53  54  58]
 ...
 [ 21  21  21 ... 197 196 197]
 [ 24  24  24 ... 187 136  58]
 [ 26  26  25 ...  42  31  30]]","[[-255.    0.    7. ...   49.    1.  173.]
 [-350.    0.    2. ...   64.   -3.  223.]
 [-360.   -3.  -11. ...   34.  -20.  226.]
 ...
 [ -87.    0.    0. ...   60.  131.  725.]
 [ -95.    1.    1. ...  162.  270.  499.]
 [ -76.    2.    2. ...  154.  153.  198.]]"
97,"[[185 169 125 ...  95  82  65]
 [185 167 139 ...  68  79  89]
 [181 157 156 ...  44  57  73]
 ...
 [174 186 189 ...  38  34  39]
 [157 183 196 ...  59  50  36]
 [133 176 193 ...  78  68  33]]","[[-505.  166.  -18. ...  -44.   39.  243.]
 [-660.  177.  -58. ...  -92.  -41.  297.]
 [-626.  104. -119. ...  -84.  -93.  230.]
 ...
 [-742.  -58.  110. ...   -3.   -5.  154.]
 [-728. -153.    2. ...  -24.   90.  202.]
 [-535. -159.  -34. ...  -29.  113.  186.]]"
98,"[[199 199 199 ... 214 213 213]
 [199 199 199 ... 214 214 213]
 [199 199 199 ... 214 214 213]
 ...
 [ 55  57  49 ...  78  81  84]
 [ 63  62  48 ...  76  81  84]
 [ 63  62  51 ...  73  78  83]]","[[-597.    0.   -3. ...    2.    3.  640.]
 [-796.    0.   -4. ...    1.    4.  855.]
 [-796.   -1.   -4. ...    1.    3.  856.]
 ...
 [-239.   -1.  -21. ...   -5.  -21.  323.]
 [-243.   48.   20. ...  -18.  -32.  321.]
 [-186.   39.   19. ...  -17.  -28.  237.]]"
99,"[[ 98 119 161 ...  94 100  89]
 [107 104 147 ...  85  89  92]
 [127 106 153 ...  83  83  98]
 ...
 [145 148 149 ... 234 237 229]
 [144 148 149 ... 231 230 219]
 [144 147 148 ... 228 222 206]]","[[-342. -166. -257. ...  -10.    3.  289.]
 [-433. -169. -373. ...   -4.  -24.  361.]
 [-413. -137. -410. ...   -5.  -48.  344.]
 ...
 [-589.  -16.   -1. ...    2.   21.  940.]
 [-591.  -18.    2. ...   17.   51.  919.]
 [-442.  -13.    1. ...   26.   56.  674.]]"
100,"[[37 12 16 ... 70 70 70]
 [52 49 24 ... 44 48 50]
 [61 47 35 ... 34 41 42]
 ...
 [22 19 23 ... 18 10 17]
 [26 21 23 ... 15 11 20]
 [28 22 24 ... 31 31 42]]","[[ -73.   70.   21. ...  -53.   -6.  188.]
 [-157.  103.   50. ...  -84.  -20.  207.]
 [-190.   97.    5. ...  -94.  -25.  175.]
 ...
 [ -74.  -12.  -23. ...   49.   -5.   53.]
 [ -83.    9.   -2. ...   39.  -20.   63.]
 [ -65.   11.    2. ...    7.  -27.   73.]]"
